Start,Maturity,Coupon,Price
4/30/2020,4/15/2025,0.13,97.57
7/31/2015,7/15/2025,0.38,97.81
10/30/2020,10/15/2025,0.13,96.98
1/29/2016,1/15/2026,0.63,96.93
1/31/2006,1/15/2026,2,99.27
4/30/2021,4/15/2026,0.13,95.52
7/29/2016,7/15/2026,0.13,95.47
10/29/2021,10/15/2026,0.13,94.97
1/31/2017,1/15/2027,0.38,94.77
1/31/2007,1/15/2027,2.38,100.02
4/29/2022,4/15/2027,0.13,93.58
7/31/2017,7/15/2027,0.38,94.33
10/31/2022,10/15/2027,1.63,98.08
1/31/2018,1/15/2028,0.5,93.61
1/31/2008,1/15/2028,1.75,98.07
4/28/2023,4/15/2028,1.25,95.99
4/15/1998,4/15/2028,3.63,104.96
7/31/2018,7/15/2028,0.75,94.31
10/31/2023,10/15/2028,2.38,100.85
1/31/2019,1/15/2029,0.88,93.92
1/30/2009,1/15/2029,2.5,101.19
4/15/1999,4/15/2029,3.88,107.61
7/31/2019,7/15/2029,0.25,90.72
1/31/2020,1/15/2030,0.13,88.88
7/31/2020,7/15/2030,0.13,88.34
1/29/2021,1/15/2031,0.13,87.07
7/30/2021,7/15/2031,0.13,86.46
1/31/2022,1/15/2032,0.13,85.24
7/29/2022,4/15/2032,0.63,88.36
1/31/2023,7/15/2032,1.13,91.21
7/31/2023,1/15/2033,1.38,93.15
1/31/2024,7/15/2033,1.75,95.75
2/26/2010,1/15/2034,2.13,97.07
2/28/2011,2/15/2040,2.13,96.95
2/29/2012,2/15/2041,0.75,75.89
2/28/2013,2/15/2042,0.63,72.83
2/28/2014,2/15/2043,1.38,83.29
2/27/2015,2/15/2044,0.75,72.48
2/29/2016,2/15/2045,1,75.57
2/28/2017,2/15/2046,0.88,72.65
2/28/2018,2/15/2047,1,74.03
2/28/2019,2/15/2048,1,73.46
2/28/2020,2/15/2049,0.25,58.64
2/26/2021,2/15/2050,0.13,55.27
2/28/2022,2/15/2051,0.13,54.21
2/28/2023,2/15/2052,1.5,81.4
2/29/2024,2/15/2053,2.13,94.5
